,total points,serve points,return points,1st serves in,Overall 1st Serve % in,1st Serve % Deuce in,1st Serve % Ad in,1st serve points won,% all serves won,% 1st serves won,% 1st pts won deuce ,1st pts won ad %,aces,1st serve faults,1st serve attempts,fault long,% fault long,fault net,% fault net,fault wide,% fault wide,1st serve returned in play,% 1st serve returned in play,1st serve returned in play deuce,% 1st serve returned in play deuce,1st serve returned in play ad,% 1st serve returned in play ad,2nd serve points total,2nd serve points won,2nd serve win percentage,2nd serve win percentage deuce,2nd serve win percentage ad,total double faults,2nd serve returned in play,% 2nd serve returned in play,serve games won,serve games lost,serve game win percentage,break points saved,break points lost,break point save percentage
Brett Keeling,489,233,256,114,48.93,42.98,55.36,79,58.8,69.3,63.27,70.69,8,119,114,60,52.63,46,40.35,13,11.4,80,74.77,39,79.59,41,70.69,119,58,48.74,62.71,46.67,15.0,82,79.61,30,14,68.18,8,14,36.36
Harrison Collomb,435,218,217,144,66.06,63.48,68.93,88,57.34,61.11,60.29,56.72,10,74,144,43,29.86,27,18.75,4,2.78,111,82.22,57,83.82,54,80.6,74,37,50.0,51.43,63.33,9.0,51,79.69,24,12,66.67,22,12,64.71
JT Bilski,572,285,287,177,62.11,56.85,67.63,116,57.54,65.54,67.09,61.96,6,108,177,48,27.12,53,29.94,7,3.95,135,78.95,60,75.95,75,81.52,108,48,44.44,50.94,50.0,13.0,81,85.26,31,18,63.27,24,18,57.14
Lane Durkin,363,168,195,118,70.24,70.33,70.13,87,67.26,73.73,80.65,64.15,3,50,118,17,14.41,28,23.73,5,4.24,88,76.52,43,69.35,45,84.91,50,26,52.0,77.27,60.0,13.0,28,75.68,25,6,80.65,11,6,64.71
Ben Mitchell,601,288,313,160,55.56,55.03,56.12,114,57.64,71.25,70.51,69.33,8,128,160,60,37.5,60,37.5,8,5.0,109,71.24,58,74.36,51,68.0,128,52,40.62,51.79,51.11,27.0,82,82.0,31,21,59.62,18,20,47.37
Alexander Bernard,326,157,169,103,65.61,63.53,68.06,73,67.52,70.87,72.22,68.09,2,54,103,19,18.45,28,27.18,7,6.8,86,85.15,49,90.74,37,78.72,54,33,61.11,62.07,78.95,6.0,42,87.5,25,4,86.21,9,4,69.23
Michael Zheng,322,158,164,92,58.23,56.79,59.74,65,63.92,70.65,74.42,63.64,5,66,92,21,22.83,36,39.13,9,9.78,65,74.71,33,76.74,32,72.73,66,36,54.55,48.48,64.52,2.0,56,87.5,22,5,81.48,14,5,73.68
Alexandra Burnett,125,65,60,33,50.77,52.94,48.39,22,58.46,66.67,70.59,60.0,1,32,33,19,57.58,12,36.36,1,3.03,25,78.12,13,76.47,12,80.0,32,16,50.0,40.0,66.67,2.0,25,83.33,8,3,72.73,4,3,57.14
Leila Epstein,749,375,374,267,71.2,74.36,67.78,159,55.47,59.55,58.87,57.26,9,108,267,55,20.6,46,17.23,7,2.62,204,79.07,113,80.14,91,77.78,108,49,45.37,58.14,48.98,16.0,79,85.87,39,23,62.9,28,22,56.0
Eudice Chong,1104,555,549,411,74.05,73.78,74.35,245,57.66,59.61,54.95,61.54,14,144,411,61,14.84,67,16.3,16,3.89,322,81.11,161,79.7,161,82.56,144,75,52.08,56.92,61.29,17.0,108,85.04,54,30,64.29,41,30,57.75
Chase Kasday,247,123,124,77,62.6,57.81,67.8,43,56.1,55.84,66.67,42.11,3,46,77,21,27.27,23,29.87,2,2.6,62,83.78,30,83.33,32,84.21,46,26,56.52,60.87,75.0,7.0,32,82.05,13,8,61.9,9,7,56.25
Patrick Kypson,139,69,70,31,44.93,48.65,40.62,24,69.57,77.42,80.0,60.0,8,38,31,14,45.16,17,54.84,7,22.58,11,44.0,6,40.0,5,50.0,38,24,63.16,75.0,75.0,6.0,18,60.0,11,1,91.67,1,1,50.0
Renna Mohsen-Breen,91,44,47,27,61.36,66.67,55.0,17,61.36,62.96,62.5,63.64,1,17,27,9,33.33,6,22.22,2,7.41,21,77.78,12,75.0,9,81.82,17,10,58.82,50.0,66.67,,16,100.0,5,3,62.5,1,3,25.0
Caitlyn Ferrante,102,50,52,33,66.0,71.43,59.09,21,68.0,63.64,65.0,61.54,0,17,33,9,27.27,7,21.21,1,3.03,27,81.82,18,90.0,9,69.23,17,13,76.47,100.0,75.0,2.0,13,86.67,7,2,77.78,3,2,60.0
Nicolas Kotzen,103,45,58,31,68.89,80.95,58.33,25,71.11,80.65,72.73,62.5,13,14,31,10,32.26,3,9.68,1,3.23,15,78.95,7,63.64,8,100.0,14,7,50.0,33.33,85.71,4.0,7,77.78,8,0,100.0,6,0,100.0
Max Lustgarten,274,140,134,84,60.0,65.75,53.73,44,47.14,52.38,50.0,50.0,4,56,84,21,25.0,29,34.52,6,7.14,70,87.5,43,89.58,27,84.38,56,22,39.29,47.62,50.0,11.0,43,95.56,12,14,46.15,8,13,38.1
Jan Hrazdil,187,85,102,45,52.94,51.11,55.0,32,60.0,71.11,60.0,75.0,5,40,45,12,26.67,25,55.56,3,6.67,33,82.5,14,70.0,19,95.0,40,19,47.5,53.33,73.33,10.0,24,80.0,11,5,68.75,0,0,0.0
Sarah Youngberg,359,165,194,129,78.18,80.46,75.64,83,58.18,64.34,65.71,62.71,0,36,129,21,16.28,15,11.63,0,0.0,102,79.07,56,80.0,46,77.97,36,13,36.11,43.75,50.0,8.0,21,75.0,18,12,60.0,12,12,50.0
Jackie Soloveychik,106,55,51,33,60.0,75.0,44.44,19,52.73,57.58,52.38,63.64,1,22,33,6,18.18,14,42.42,2,6.06,25,78.12,18,85.71,7,63.64,22,10,45.45,40.0,66.67,5.0,14,82.35,5,4,55.56,5,4,55.56
Carlos Alcaraz Garfia,261,133,128,85,63.91,60.0,68.25,61,63.16,71.76,60.0,74.36,11,48,85,15,17.65,23,27.06,10,11.76,58,78.38,29,82.86,29,74.36,48,23,47.92,52.0,55.56,5.0,38,88.37,15,3,83.33,13,3,81.25
